{"cameraMode":{"drawMode":0,"name":"Shaded","section":"Shading Mode"},"sceneLighting":true,"audioPlay":false,"sceneViewState":{"m_AlwaysRefresh":false,"showFog":true,"showSkybox":true,"showFlares":true,"showImageEffects":true,"showParticleSystems":true,"showVisualEffectGraphs":true,"m_FxEnabled":true},"in2DMode":false,"pivot":{"x":13.028778076171875,"y":-1.6317501068115235,"z":44.104183197021487},"rotation":{"x":0.03582044318318367,"y":0.17124010622501374,"z":-0.005916594993323088,"w":0.9846256375312805},"size":33.00120162963867,"orthographic":false}